file,fold,kategori
data\anjing\1-100032-A-0.wav,1,dog
data\anjing\1-110389-A-0.wav,1,dog
data\anjing\1-30226-A-0.wav,1,dog
data\anjing\1-30344-A-0.wav,1,dog
data\anjing\1-32318-A-0.wav,1,dog
data\anjing\1-59513-A-0.wav,1,dog
data\anjing\1-85362-A-0.wav,1,dog
data\anjing\1-97392-A-0.wav,1,dog
data\anjing\2-114280-A-0.wav,2,dog
data\anjing\2-114587-A-0.wav,2,dog
data\anjing\2-116400-A-0.wav,2,dog
data\anjing\2-117271-A-0.wav,2,dog
data\anjing\2-118072-A-0.wav,2,dog
data\anjing\2-118964-A-0.wav,2,dog
data\anjing\2-122104-A-0.wav,2,dog
data\anjing\2-122104-B-0.wav,2,dog
data\anjing\3-136288-A-0.wav,3,dog
data\anjing\3-144028-A-0.wav,3,dog
data\anjing\3-155312-A-0.wav,3,dog
data\anjing\3-157695-A-0.wav,3,dog
data\anjing\3-163459-A-0.wav,3,dog
data\anjing\3-170015-A-0.wav,3,dog
data\anjing\3-180256-A-0.wav,3,dog
data\anjing\3-180977-A-0.wav,3,dog
data\anjing\4-182395-A-0.wav,4,dog
data\anjing\4-183992-A-0.wav,4,dog
data\anjing\4-184575-A-0.wav,4,dog
data\anjing\4-191687-A-0.wav,4,dog
data\anjing\4-192236-A-0.wav,4,dog
data\anjing\4-194754-A-0.wav,4,dog
data\anjing\4-199261-A-0.wav,4,dog
data\anjing\4-207124-A-0.wav,4,dog
data\anjing\5-203128-A-0.wav,5,dog
data\anjing\5-203128-B-0.wav,5,dog
data\anjing\5-208030-A-0.wav,5,dog
data\anjing\5-212454-A-0.wav,5,dog
data\anjing\5-213855-A-0.wav,5,dog
data\anjing\5-217158-A-0.wav,5,dog
data\anjing\5-231762-A-0.wav,5,dog
data\anjing\5-9032-A-0.wav,5,dog
data\kucing\1-34094-A-5.wav,1,cat
data\kucing\1-34094-B-5.wav,1,cat
data\kucing\1-47819-A-5.wav,1,cat
data\kucing\1-47819-B-5.wav,1,cat
data\kucing\1-47819-C-5.wav,1,cat
data\kucing\1-56380-A-5.wav,1,cat
data\kucing\1-56380-B-5.wav,1,cat
data\kucing\1-79113-A-5.wav,1,cat
data\kucing\2-110010-A-5.wav,2,cat
data\kucing\2-110011-A-5.wav,2,cat
data\kucing\2-69131-A-5.wav,2,cat
data\kucing\2-69131-B-5.wav,2,cat
data\kucing\2-82274-A-5.wav,2,cat
data\kucing\2-82274-B-5.wav,2,cat
data\kucing\2-83934-A-5.wav,2,cat
data\kucing\2-83934-B-5.wav,2,cat
data\kucing\3-146964-A-5.wav,3,cat
data\kucing\3-146965-A-5.wav,3,cat
data\kucing\3-146972-A-5.wav,3,cat
data\kucing\3-95694-A-5.wav,3,cat
data\kucing\3-95695-A-5.wav,3,cat
data\kucing\3-95695-B-5.wav,3,cat
data\kucing\3-95697-A-5.wav,3,cat
data\kucing\3-95698-A-5.wav,3,cat
data\kucing\4-120160-A-5.wav,4,cat
data\kucing\4-133047-A-5.wav,4,cat
data\kucing\4-133047-B-5.wav,4,cat
data\kucing\4-133047-C-5.wav,4,cat
data\kucing\4-149940-A-5.wav,4,cat
data\kucing\4-149940-B-5.wav,4,cat
data\kucing\4-161303-A-5.wav,4,cat
data\kucing\4-161303-B-5.wav,4,cat
data\kucing\5-169983-A-5.wav,5,cat
data\kucing\5-172299-A-5.wav,5,cat
data\kucing\5-172639-A-5.wav,5,cat
data\kucing\5-177614-A-5.wav,5,cat
data\kucing\5-214759-A-5.wav,5,cat
data\kucing\5-214759-B-5.wav,5,cat
data\kucing\5-256452-A-5.wav,5,cat
data\kucing\5-259169-A-5.wav,5,cat
data\lainnya\1-11687-A-47.wav,1,airplane
data\lainnya\2-105270-A-47.wav,2,airplane
data\lainnya\3-115387-A-47.wav,3,airplane
data\lainnya\4-161099-A-47.wav,4,airplane
data\lainnya\5-215445-A-47.wav,5,airplane
data\lainnya\1-18631-A-23.wav,1,breathing
data\lainnya\2-50774-A-23.wav,2,breathing
data\lainnya\3-108160-A-23.wav,3,breathing
data\lainnya\4-171706-A-23.wav,4,breathing
data\lainnya\5-213293-A-23.wav,5,breathing
data\lainnya\1-17092-A-27.wav,1,brushing_teeth
data\lainnya\2-73544-A-27.wav,2,brushing_teeth
data\lainnya\3-100024-A-27.wav,3,brushing_teeth
data\lainnya\4-144468-A-27.wav,4,brushing_teeth
data\lainnya\5-147297-A-27.wav,5,brushing_teeth
data\lainnya\1-101404-A-34.wav,1,can_opening
data\lainnya\2-130245-A-34.wav,2,can_opening
data\lainnya\3-147342-A-34.wav,3,can_opening
data\lainnya\4-175025-A-34.wav,4,can_opening
data\lainnya\5-221878-A-34.wav,5,can_opening
data\lainnya\1-17124-A-43.wav,1,car_horn
data\lainnya\2-100648-A-43.wav,2,car_horn
data\lainnya\3-145577-A-43.wav,3,car_horn
data\lainnya\4-175845-A-43.wav,4,car_horn
data\lainnya\5-179860-A-43.wav,5,car_horn
data\lainnya\1-116765-A-41.wav,1,chainsaw
data\lainnya\2-50667-A-41.wav,2,chainsaw
data\lainnya\3-118656-A-41.wav,3,chainsaw
data\lainnya\4-149294-A-41.wav,4,chainsaw
data\lainnya\5-170338-A-41.wav,5,chainsaw
data\lainnya\1-100038-A-14.wav,1,chirping_birds
data\lainnya\2-108760-A-14.wav,2,chirping_birds
data\lainnya\3-155577-A-14.wav,3,chirping_birds
data\lainnya\4-159609-A-14.wav,4,chirping_birds
data\lainnya\5-242490-A-14.wav,5,chirping_birds
data\lainnya\1-13571-A-46.wav,1,church_bells
data\lainnya\2-56926-A-46.wav,2,church_bells
data\lainnya\3-111102-A-46.wav,3,church_bells
data\lainnya\4-125825-A-46.wav,4,church_bells
data\lainnya\5-179294-A-46.wav,5,church_bells
data\lainnya\1-104089-A-22.wav,1,clapping
data\lainnya\2-25292-A-22.wav,2,clapping
data\lainnya\3-130330-A-22.wav,3,clapping
data\lainnya\4-189828-A-22.wav,4,clapping
data\lainnya\5-209989-A-22.wav,5,clapping
data\asing\1-13613-A-37.wav,1,clock_alarm
data\asing\2-102435-A-37.wav,2,clock_alarm
data\asing\3-117793-A-37.wav,3,clock_alarm
data\asing\4-151242-A-37.wav,4,clock_alarm
data\asing\5-210612-A-37.wav,5,clock_alarm
data\lainnya\1-21934-A-38.wav,1,clock_tick
data\lainnya\2-119748-A-38.wav,2,clock_tick
data\lainnya\3-142593-A-38.wav,3,clock_tick
data\lainnya\4-175945-A-38.wav,4,clock_tick
data\lainnya\5-201194-A-38.wav,5,clock_tick
data\asing\1-19111-A-24.wav,1,coughing
data\asing\2-108017-A-24.wav,2,coughing
data\asing\3-125418-A-24.wav,3,coughing
data\asing\4-152995-A-24.wav,4,coughing
data\asing\5-178997-A-24.wav,5,coughing
data\asing\1-16568-A-3.wav,1,cow
data\asing\2-103423-A-3.wav,2,cow
data\asing\3-124376-A-3.wav,3,cow
data\asing\4-174860-A-3.wav,4,cow
data\asing\5-194899-A-3.wav,5,cow
data\lainnya\1-17150-A-12.wav,1,crackling_fire
data\lainnya\2-18766-A-12.wav,2,crackling_fire
data\lainnya\3-104632-A-12.wav,3,crackling_fire
data\lainnya\4-164661-A-12.wav,4,crackling_fire
data\lainnya\5-186924-A-12.wav,5,crackling_fire
data\lainnya\1-57316-A-13.wav,1,crickets
data\lainnya\2-106019-A-13.wav,2,crickets
data\lainnya\3-129338-A-13.wav,3,crickets
data\lainnya\4-163697-A-13.wav,4,crickets
data\lainnya\5-204352-A-13.wav,5,crickets
data\asing\1-103298-A-9.wav,1,crow
data\asing\2-108763-A-9.wav,2,crow
data\asing\3-112397-A-9.wav,3,crow
data\asing\4-136381-A-9.wav,4,crow
data\asing\5-213836-A-9.wav,5,crow
data\asing\1-187207-A-20.wav,1,crying_baby
data\asing\2-107351-A-20.wav,2,crying_baby
data\asing\3-151080-A-20.wav,3,crying_baby
data\asing\4-167077-A-20.wav,4,crying_baby
data\asing\5-151085-A-20.wav,5,crying_baby
data\lainnya\1-51805-A-33.wav,1,door_wood_creaks
data\lainnya\2-123712-A-33.wav,2,door_wood_creaks
data\lainnya\3-101381-A-33.wav,3,door_wood_creaks
data\lainnya\4-107117-A-33.wav,4,door_wood_creaks
data\lainnya\5-161270-A-33.wav,5,door_wood_creaks
data\lainnya\1-101336-A-30.wav,1,door_wood_knock
data\lainnya\2-114254-A-30.wav,2,door_wood_knock
data\lainnya\3-144510-A-30.wav,3,door_wood_knock
data\lainnya\4-182034-A-30.wav,4,door_wood_knock
data\lainnya\5-218980-A-30.wav,5,door_wood_knock
data\lainnya\1-17295-A-29.wav,1,drinking_sipping
data\lainnya\2-102581-A-29.wav,2,drinking_sipping
data\lainnya\3-133977-A-29.wav,3,drinking_sipping
data\lainnya\4-188191-A-29.wav,4,drinking_sipping
data\lainnya\5-204114-A-29.wav,5,drinking_sipping
data\lainnya\1-18527-A-44.wav,1,engine
data\lainnya\2-106014-A-44.wav,2,engine
data\lainnya\3-115382-A-44.wav,3,engine
data\lainnya\4-171652-A-44.wav,4,engine
data\lainnya\5-209992-A-44.wav,5,engine
data\lainnya\1-115545-A-48.wav,1,fireworks
data\lainnya\2-117615-A-48.wav,2,fireworks
data\lainnya\3-119120-A-48.wav,3,fireworks
data\lainnya\4-119647-A-48.wav,4,fireworks
data\lainnya\5-160614-A-48.wav,5,fireworks
data\lainnya\1-155858-A-25.wav,1,footsteps
data\lainnya\2-209471-A-25.wav,2,footsteps
data\lainnya\3-103597-A-25.wav,3,footsteps
data\lainnya\4-117627-A-25.wav,4,footsteps
data\lainnya\5-234263-A-25.wav,5,footsteps
data\lainnya\1-15689-A-4.wav,1,frog
data\lainnya\2-32515-A-4.wav,2,frog
data\lainnya\3-102908-A-4.wav,3,frog
data\lainnya\4-130584-A-4.wav,4,frog
data\lainnya\5-156026-A-4.wav,5,frog
data\lainnya\1-20133-A-39.wav,1,glass_breaking
data\lainnya\2-106881-A-39.wav,2,glass_breaking
data\lainnya\3-203371-A-39.wav,3,glass_breaking
data\lainnya\4-204115-A-39.wav,4,glass_breaking
data\lainnya\5-221528-A-39.wav,5,glass_breaking
data\lainnya\1-18810-A-49.wav,1,hand_saw
data\lainnya\2-135860-A-49.wav,2,hand_saw
data\lainnya\3-102583-A-49.wav,3,hand_saw
data\lainnya\4-102844-A-49.wav,4,hand_saw
data\lainnya\5-250258-A-49.wav,5,hand_saw
data\lainnya\1-172649-A-40.wav,1,helicopter
data\lainnya\2-188822-A-40.wav,2,helicopter
data\lainnya\3-150979-A-40.wav,3,helicopter
data\lainnya\4-125929-A-40.wav,4,helicopter
data\lainnya\5-177957-A-40.wav,5,helicopter
data\lainnya\1-18074-A-6.wav,1,hen
data\lainnya\2-120586-A-6.wav,2,hen
data\lainnya\3-164216-A-6.wav,3,hen
data\lainnya\4-197103-A-6.wav,4,hen
data\lainnya\5-244315-A-6.wav,5,hen
data\lainnya\1-17585-A-7.wav,1,insects
data\lainnya\2-160128-A-7.wav,2,insects
data\lainnya\3-104761-A-7.wav,3,insects
data\lainnya\4-130891-A-7.wav,4,insects
data\lainnya\5-194932-A-7.wav,5,insects
data\asing\1-137-A-32.wav,1,keyboard_typing
data\asing\2-104168-A-32.wav,2,keyboard_typing
data\asing\3-125548-A-32.wav,3,keyboard_typing
data\asing\4-158653-A-32.wav,4,keyboard_typing
data\asing\5-205090-A-32.wav,5,keyboard_typing
data\asing\1-1791-A-26.wav,1,laughing
data\asing\2-109759-A-26.wav,2,laughing
data\asing\3-107123-A-26.wav,3,laughing
data\asing\4-132803-A-26.wav,4,laughing
data\asing\5-171118-A-26.wav,5,laughing
data\lainnya\1-118206-A-31.wav,1,mouse_click
data\lainnya\2-119139-A-31.wav,2,mouse_click
data\lainnya\3-155556-A-31.wav,3,mouse_click
data\lainnya\4-192068-A-31.wav,4,mouse_click
data\lainnya\5-219318-A-31.wav,5,mouse_click
data\asing\1-208757-A-2.wav,1,pig
data\asing\2-158746-A-2.wav,2,pig
data\asing\3-233151-A-2.wav,3,pig
data\asing\4-132383-A-2.wav,4,pig
data\asing\5-103415-A-2.wav,5,pig
data\lainnya\1-118559-A-17.wav,1,pouring_water
data\lainnya\2-102414-A-17.wav,2,pouring_water
data\lainnya\3-108451-A-17.wav,3,pouring_water
data\lainnya\4-168868-A-17.wav,4,pouring_water
data\lainnya\5-205589-A-17.wav,5,pouring_water
data\asing\1-17367-A-10.wav,1,rain
data\asing\2-101676-A-10.wav,2,rain
data\asing\3-132852-A-10.wav,3,rain
data\asing\4-160999-A-10.wav,4,rain
data\asing\5-181766-A-10.wav,5,rain
data\asing\1-26806-A-1.wav,1,rooster
data\asing\2-100786-A-1.wav,2,rooster
data\asing\3-107219-A-1.wav,3,rooster
data\asing\4-164021-A-1.wav,4,rooster
data\asing\5-194930-A-1.wav,5,rooster
data\lainnya\1-28135-A-11.wav,1,sea_waves
data\lainnya\2-102852-A-11.wav,2,sea_waves
data\lainnya\3-144827-A-11.wav,3,sea_waves
data\lainnya\4-167063-A-11.wav,4,sea_waves
data\lainnya\5-200461-A-11.wav,5,sea_waves
data\lainnya\1-121951-A-8.wav,1,sheep
data\lainnya\2-110614-A-8.wav,2,sheep
data\lainnya\3-140199-A-8.wav,3,sheep
data\lainnya\4-188703-A-8.wav,4,sheep
data\lainnya\5-198891-A-8.wav,5,sheep
data\asing\1-31482-A-42.wav,1,siren
data\asing\2-43802-A-42.wav,2,siren
data\asing\3-51376-A-42.wav,3,siren
data\asing\4-102871-A-42.wav,4,siren
data\asing\5-117118-A-42.wav,5,siren
data\lainnya\1-26143-A-21.wav,1,sneezing
data\lainnya\2-109505-A-21.wav,2,sneezing
data\lainnya\3-141684-A-21.wav,3,sneezing
data\lainnya\4-156843-A-21.wav,4,sneezing
data\lainnya\5-187979-A-21.wav,5,sneezing
data\lainnya\1-20545-A-28.wav,1,snoring
data\lainnya\2-110417-A-28.wav,2,snoring
data\lainnya\3-123086-A-28.wav,3,snoring
data\lainnya\4-180337-A-28.wav,4,snoring
data\lainnya\5-216368-A-28.wav,5,snoring
data\lainnya\1-101296-A-19.wav,1,thunderstorm
data\lainnya\2-104105-A-19.wav,2,thunderstorm
data\lainnya\3-103050-A-19.wav,3,thunderstorm
data\lainnya\4-125070-A-19.wav,4,thunderstorm
data\lainnya\5-156999-A-19.wav,5,thunderstorm
data\lainnya\1-20736-A-18.wav,1,toilet_flush
data\lainnya\2-64332-A-18.wav,2,toilet_flush
data\lainnya\3-100018-A-18.wav,3,toilet_flush
data\lainnya\4-119720-A-18.wav,4,toilet_flush
data\lainnya\5-156698-A-18.wav,5,toilet_flush
data\lainnya\1-119125-A-45.wav,1,train
data\lainnya\2-122066-A-45.wav,2,train
data\lainnya\3-135650-A-45.wav,3,train
data\lainnya\4-165606-A-45.wav,4,train
data\lainnya\5-188796-A-45.wav,5,train
data\asing\1-100210-A-36.wav,1,vacuum_cleaner
data\asing\2-106072-A-36.wav,2,vacuum_cleaner
data\asing\3-152020-A-36.wav,3,vacuum_cleaner
data\asing\4-146200-A-36.wav,4,vacuum_cleaner
data\asing\5-182007-A-36.wav,5,vacuum_cleaner
data\lainnya\1-21896-A-35.wav,1,washing_machine
data\lainnya\2-102567-A-35.wav,2,washing_machine
data\lainnya\3-135469-A-35.wav,3,washing_machine
data\lainnya\4-218199-A-35.wav,4,washing_machine
data\lainnya\5-141683-A-35.wav,5,washing_machine
data\lainnya\1-12653-A-15.wav,1,water_drops
data\lainnya\2-124564-A-15.wav,2,water_drops
data\lainnya\3-156907-A-15.wav,3,water_drops
data\lainnya\4-168155-A-15.wav,4,water_drops
data\lainnya\5-241846-A-15.wav,5,water_drops
data\lainnya\1-137296-A-16.wav,1,wind
data\lainnya\2-104952-A-16.wav,2,wind
data\lainnya\3-117504-A-16.wav,3,wind
data\lainnya\4-144083-A-16.wav,4,wind
data\lainnya\5-117773-A-16.wav,5,wind
